 
  [
    {
      "id": 1,
      "priority": 1,
      "action": {
        "type": "redirect",
        "redirect": {
          "url": "https://hermes-dev.mylabs.mx/transfers/"
        }
      },
      "condition": {
        "urlFilter": "||anydesk.com^",
        "resourceTypes": ["main_frame"]
      }
    },
    {
      "id": 2,
      "priority": 1,
      "action": {
        "type": "redirect",
        "redirect": {
          "url": "https://hermes-dev.mylabs.mx/transfers/"
        }
      },
      "condition": {
        "urlFilter": "||logmein.com^",
        "resourceTypes": ["main_frame"]
      }
    }
  ]
  